,0,1,2,3,4,5,6,7,8,9,10,11,12,13,14,15,16,17,18,19
0,4.43754614641504e+34,2.005460007255724e+17,347713370414.22296,3809661852.768494,15122397.694312705,976430.2875980791,1584169.6335729267,81870.09488486871,50444.154946710914,26346.629097238183,12209.927778869867,42838.47213482112,1626.2010015808046,2842.834272850305,1400.5416200198233,1467.9095965363085,1293.1042886599898,1237.6401211582124,1618.548452079296,1398.2249787002802
1,3.343365293965844e+35,7.499820168992872e+16,48427427468.33358,3339695501.12106,41828.37500552088,5583114.0632925145,1563531.4824355394,25404.792800154537,136647.3329910487,28242.02477066219,4356.2460668459535,3999.244600482285,3549.8058491684496,3175.0405128113925,2025.5625835098326,1163.5942488908768,2411.1317882612348,1128.398590542376,1765.2257865592837,1189.1078900545835
2,7.694228508066047e+33,4.3514233090037754e+17,9862742561618.893,2239021398.9354496,23755810.26122837,193258.05454985052,227529.5397473462,70180.09633894265,65851.28194555268,50138.46335281432,8799.97896463424,5260.773939203471,1479.3239782564342,1575.7134863100946,1143.5005454272032,1556.6939088962972,949.9367257915437,862.1688799150288,953.207364346832,995.3432778082788
3,2.879975662793835e+37,9.814815753036653e+19,926096014434.4655,4861677997.519136,249686843.30425173,6478075.771096833,2824010.5551234744,332056.69006619975,170365.36938000098,47389.2105977796,21925.46286119148,21968.3854996711,9405.81140960753,5922.60285551101,4999.27455316484,3777.808318346739,1698.2785101309419,3403.996869198978,2223.6132546253502,2257.116022992879
4,4.668290657957123e+36,4880462517719444.0,68661492628.925606,28800967.47088957,48147123.89047774,178301.61945947632,112485.83217751607,30571.86749696359,259713.59146187827,20380.979264426976,16261.28078353405,6113.647261410952,3464.4496058002114,2483.6258282884955,1875.3317796736956,1603.1406373120844,1178.1854775249958,1184.361359409988,1143.4043741337955,1053.9053017869592
5,1.1924890418665502e+35,1.4780482825644816e+16,1245240546974.0903,3975574900.0195055,818653.2702043913,1163557.3666763455,21171.008943341672,45048.01344035566,82324.23772791773,6213.595705203712,16605.77947933227,1817.4654995948076,5737.055002234876,2401.0477929338813,2637.7232982851565,1543.9703799001873,1074.605794992298,1196.1677180975676,1185.8316285051405,1147.4258450716734
6,1.4156688263235406e+37,7.705391828052673e+19,243909678437148.75,27740661821.319855,64953492.49517423,13127126.963919245,8764656.246014144,1311457.0866392162,348791.794911813,78384.81722577289,223456.73301134259,25182.291418857872,14631.670236576349,7243.141212426126,10472.709603827447,5440.089209645987,2995.025397963822,2692.0902651436627,4045.9821694754064,3078.820581533015
7,1.9059883205973372e+37,6.640062265702222e+18,2029923793887.5532,243900726.45011115,1466449.6124318838,1298202.047617931,11055.233124542981,33054.771147150546,76312.44680882245,29612.43756036833,5961.528069786727,3167.0377420671284,1229.8947077468038,2463.872035369277,1233.9399598501623,935.9548296071589,968.3512396626174,903.5774216242135,1120.2599791325629,886.6841978318989
8,2.164511219258912e+34,1.1753893723078986e+17,137411836660.97932,6301232661.4561205,114454696.10535206,425203.62647631764,738617.5545413755,221582.28604374453,82871.48559451848,38556.60524438694,54910.893115617335,4891.5829224437475,4116.566860545427,2849.5546445921063,2299.891198411584,2024.702615864575,1949.4788560681045,1722.8445249982178,1317.1473573110998,1409.886654779315
9,9.69534848935677e+35,6.47781111090918e+16,310452026769.1801,1562999037.7589352,159526150.67465675,4974132.326460946,303339.4011389874,442231.09274262935,50073.925848431885,20425.50568242371,10801.954063829035,5919.12416261062,1702.330172482878,1445.0756268464029,1953.862930122763,1737.2082447856665,1065.0073247887194,935.307025115937,952.7748945616186,936.7788662798703
10,1.5835669445338224e+32,1.3450817818190592e+19,11098039527.129734,4983225374.617581,20542960.599537868,1434268.066029437,242871.86957857385,181024.94292643666,49977.441673826426,33501.78177350387,7281.088906176388,3818.247040234506,7234.020185019821,1991.9459122158587,1728.8748324885964,1979.9633744321764,1449.644713357091,1292.461082790047,1054.3209267407656,1178.0501966401935
11,1.0415981603248645e+36,2.1115280190325212e+16,4152973026111.435,1279012900.9757862,565704023.3571969,737751.8581877667,695783.2403784003,39445.216905765235,51138.36387424171,25611.183728594333,17561.649092864245,5994.87832403928,5823.0962707698345,4497.652390323579,2224.9852450564504,2927.8256342746317,1647.3441892787814,1137.8062873221934,1523.364805676043,2214.5871412307024
12,6.249695321126942e+34,2.814346517869079e+16,2091827832527.9897,7449784538.255106,40186339.84319717,6700195.322063017,606171.8746908233,292279.2013116628,199085.5742200464,23490.04911619425,6282.85678352043,8708.340698711574,3210.2114108279347,6625.758797034621,1802.593247745186,2564.9118786789477,2473.5610047355294,1295.137484844774,1380.9328683502972,1475.7388714328408
13,1.4350032112984188e+34,789815639746073.4,336617543238.236,4400274629.535897,2068449311.2567225,539774.0294895284,254312.22002348676,9305.078692857176,74331.72169595957,8262.386173706502,18600.623724464327,1626.5883932001889,1762.652055066079,1596.216349158436,1600.108640473336,1545.8349104523659,990.1079555153847,984.2925209030509,1119.193708959967,998.4746117927134
14,1.3380639749540737e+37,9.38430587771629e+18,121438496729.75958,1383741695.4033346,22347748.30888021,1717156.7072219625,1016611.8777025733,186950.94435836747,71734.48416896164,30051.571085609496,15229.127045251429,6264.125143289566,2253.8290704637766,2192.9240424074233,3211.6823986917734,2114.0661848820746,1659.9830791205168,1173.183315820992,1259.0335861183703,1909.988315463066
15,9.767052983091785e+34,1.0516710869465346e+16,528804914994.01154,755993575.3050174,14995070.027942263,3072056.0248658713,23664.24411951378,55169.39794571325,47415.18977924809,16055.580833438784,9650.80010170117,2712.4235795028508,1721.1539770774543,2431.419715836644,1548.292693540454,1448.8626827262342,924.2986168116331,1259.722768329084,937.1498479321599,918.5473319403827
16,2.2560847839400902e+36,2.8921637513640456e+16,4979743061335.984,2255909317.141365,49520191.19479057,743363.4896113183,84812.59321029112,82468.77587753907,18945.234651342034,35135.73352864757,48752.45728974044,3171.8633317537606,1242.8610873706639,2578.89305935055,1320.8641670756042,2321.5384274721146,1066.1143061555922,940.105664677918,1225.5629858709872,980.0767734907568
17,3.401968571258211e+34,1.2638541794253068e+16,337457820324.7586,10869921528.026611,38094272.55405455,339139.100161124,671326.7058274075,108683.87663570046,50002.45019368827,17203.17956396565,10985.84091065824,7611.307728767395,8603.342657644302,5735.911156091839,1864.6293536797166,1950.428607326001,1814.415797676891,1754.5606805719435,1558.8059731274843,1235.1539782956243
18,1.3551911474632832e+34,9.342340038177678e+17,2122132466185.8342,7337552141.161104,25690631.66876018,9888991.059311658,1229305.6460672207,509013.93505360186,341367.0225027129,55458.317206934094,49059.30875847489,29872.185254175216,9413.208305440843,16919.514325547963,7238.454011723399,5155.077959802002,2007.799822088331,2168.3989983797073,1792.31715387851,1803.0303936637938
19,4.1177783639647863e+33,3.955995494576256e+18,632199788537.0878,506311741.43915,76811592.41892272,3313512.7343299985,21830.439170986414,28602.970039360225,45225.78300367668,14182.142251808196,2288.0132441222668,3569.1259300634265,2032.3077343292534,1642.0624324940145,1369.5258794017136,1198.3080310858786,1187.1709319129586,1047.8784578889608,967.9931767992675,1033.9700277857482
20,2.5081849098050137e+35,1.4837567845148023e+19,1326068986942.0273,12346639535.19456,516788176.5859598,47967348.82735931,16843082.786084533,2739950.136903353,644644.1578803789,171194.82518764213,79029.39361657575,32793.48053692654,32797.473635710776,15036.446127772331,6841.502242412418,13232.71636108309,4948.300527341664,4182.68764931336,4926.839405279607,3564.6726194024086
21,7.560273900901402e+32,1.5148504104506666e+17,38681844659.45549,3201161284.5421352,20546553.496776093,120772.352760192,193540.55034439638,67137.40023158118,23887.331659562886,27448.702851638198,5320.470057588071,4091.03094233945,3780.355661906302,1225.2958304956555,2485.8695988692343,1374.3690433688462,979.7072147168219,958.8375666365027,882.8271065838635,1543.2505188770592
22,1.0202534732855656e+35,2.2752034951144458e+18,3765427377480.3447,5876910746.027937,479647286.0834348,85039309.5855386,4184718.368467178,160155.87599472702,406292.22661789134,73721.20843889564,56600.95026886836,18169.328725405037,9612.420924775302,14288.58140649274,8177.615756526589,6736.662578713149,3639.9198699221015,3166.856135495007,1839.661275550723,2933.3880427740514
23,9.196487133984243e+33,4.95830996817605e+19,108906452271.49557,10898400996.849636,4774296.257966448,3076488.2531876042,55174.78076311201,149448.24247566983,11569.869271617383,5288.445374250412,7145.179612867534,4390.038999576122,2553.4771173261106,2684.6713174209,2143.684866618365,1084.0493028312922,887.0481341592968,1020.6497167497873,1067.3108511604369,1450.4311348572373
24,1.3391858602333111e+35,9.127637361131553e+18,74318272879278.06,1271878357.1001782,554538833.8556883,12088262.157139828,2240606.4919897188,394262.5308950171,391288.67840525135,169030.7522452362,157429.67996443063,35438.32840773463,18250.24833771959,9547.085524071008,6856.054674990475,5613.307025503367,4006.616942025721,3583.4633450843394,3635.6168740689754,3024.111698616296
25,3.342632638030183e+35,2.1845012577521488e+19,613811798020.0852,6677277830.990138,9667783.894995637,503930.7141663004,1367031.3574502133,36667.69601048529,20908.108068563044,56490.740305408835,40043.59973794222,11271.506000030786,2965.808022003621,7067.062380086631,1751.2715851962566,1688.2765359655023,1613.653490293771,1240.9626141488552,1737.1338218562305,1583.97453128919
26,1.9281080186672083e+35,5.502308879859396e+16,2044459297835.838,1881121074.3149881,50073783.26785228,3064524.2462925576,357086.73902925104,166882.00707672164,20209.280449848622,17774.784048032016,7891.206026703119,3140.0211438909173,5713.685011439025,2327.0900558382273,1213.721902668476,3381.3078253977,1174.7837850004435,1425.6320743709803,1179.4853526875377,1147.4176431968808
27,7.218214978538995e+33,2.770342197108398e+18,112297287345.1131,119085779093.66103,37391785.329596184,2149660.4520789664,649705.9186931793,80225.69459762052,256578.92609955743,119243.49685902521,13157.956482507288,15167.52172761038,6658.245441325009,2430.723248139024,4596.843489691615,2778.087754059583,1184.9291500970721,1790.6871627941728,1398.8003251254559,1409.5789341703057
28,9.984552685580556e+34,1.7447261827251788e+19,4046158462401.963,16859408407.32283,136396886.2072669,2654523.185649175,1776279.2928797267,214783.16723508015,236610.18215914443,29523.4260898903,71999.77489035204,11107.135731574148,9559.201458327472,6002.2149053663015,3755.694996792823,5838.078754875809,2977.365454826504,1884.771297890693,1677.4103464074433,2290.0347655005753
29,1.203920691309176e+34,3.696813682194748e+18,2538887215528.5933,69373039.67005683,59456754.15856826,1363686.7702957764,191241.47301514074,717894.3508455418,113531.79485927895,36957.87636301294,7084.301174886525,5525.609375972301,2318.791784826666,1834.722079128027,2141.7052234001458,1883.9006891399622,1039.581631064415,1313.1409299969673,1172.8594567477703,1165.4956535100937
30,7.110674302452273e+34,6.008027659278094e+18,19376086492.852615,4788978538.490591,39230182.44089149,2662426.4071273766,2391490.3764492236,45608.75417118147,5557.531477876008,10004.73039540276,7414.557890851051,3071.425430588424,1917.312850214541,3137.906423598528,1574.0918239802122,1422.738935507834,1112.7814055494964,1080.2760904096067,1096.0405248589814,1162.530870128423
31,3.063238201565348e+32,2.408282552081841e+18,3954077386082.904,5981672053.469774,192222101.88300765,33348769.71246627,86248.00191090256,1161695.4180825353,1214464.8674447965,93475.59748723358,5483.387012399733,11027.747092604637,4756.27949853614,11479.05448205024,2434.5288833864033,2297.0448344275355,2313.789100050926,3140.9592630267143,2232.1137242391706,1810.4223536103964
32,7.702510607114476e+35,4.332620148865605e+16,135013409701.45511,948737633.157257,6516875.372697819,1975006.7967471294,289658.00775610656,46587.1329530403,124956.03082286566,10132.714655287564,1890.8206331282854,1575.5402932018042,2905.6352915912867,2178.0150945596397,1403.927122488618,1349.5215839371085,978.7347316853702,1199.7698495723307,874.7489817105234,1104.1022177562118
33,2.8004180445486897e+33,1.014333873721888e+16,186115003957.9849,1189654785.104115,108194617.7005406,884463.8509300575,90642.98540897295,40442.264165546745,2941.4033154435456,2571.037748552859,2093.741152729839,1628.663167398423,1239.3776553161442,1621.0506154485047,1058.5078048855066,1082.3692017570138,1037.112053208053,1101.7844660542905,942.0182791650295,1419.3993645235896
34,9.608172277243248e+37,4.863538427506496e+17,1193447146585.554,8332898373.046829,68943191.18704224,6335045.321675178,2533881.2143442407,379269.02108735964,89486.65264013037,49394.86508079618,28308.798956647515,28432.147642757744,4890.463985513896,4147.62759392336,4069.018754232675,3405.4173535332084,2849.372558183968,2229.1626832187176,1965.233692381531,1546.7153780050576
35,1.576756590786054e+33,4.392570240332665e+16,57262323647.521576,519409266.36368775,3150291.194926534,2051145.7376849875,177493.60820685327,47769.56667620316,20177.125191729516,12555.891026630998,10006.555263329297,5472.433274164796,2532.204807613045,2295.4373368881643,1420.840178951621,1464.8723337836564,1188.664578218013,1329.2704983465374,944.8229766525328,1192.1112773902714
36,9.95991853281116e+34,1.997573901852931e+18,487179418065.2388,1094379041.4830215,25116260.46181332,11421861.230137236,1103831.0381698888,156512.55680399388,25399.057832740247,32966.34155996144,10389.189194630831,2195.384654790163,3188.3301953859627,1802.0748320482671,1753.7568624988198,1117.5916948318481,1074.1535070687532,917.3229409717023,1452.8421993143857,930.9164822623134
37,8.355799562710102e+33,2.0783349743940147e+17,397985299553329.7,96043479764.98172,10055109.615960859,5954095.319458295,96527.85331562161,25296.754817053676,152495.1296434328,43519.275952551514,12406.393710572273,7922.57384499535,2727.126365043223,5572.1587467603385,2304.6391526944935,1192.7849251106381,1285.653383180499,1173.6951904036105,1661.6850925572217,1486.3275736384094
38,1.6842376577616193e+35,5.437426996103444e+18,18319125682.4981,10167814536.08382,4324043.984783009,341671.440766111,642492.4743637294,161663.40055785328,23357.03732818365,4553.691211894155,4837.304130703211,15356.547423835844,1734.0170635282993,1573.5344891175628,1339.9762115329504,1600.63247692585,1143.1154111772776,1944.801952406764,1163.757209237665,2009.2077299803495
39,1.8581333487193914e+34,2.11377145701847e+19,385479332080.1516,30377790051.07435,91152739.33177447,6172449.811938515,3534897.1788501404,711062.5393575802,136996.88558247685,42415.341054297984,80210.79702769965,20507.457132577896,19678.073112923652,13554.630419943482,4385.726604864001,6949.644662767649,2440.3125530853868,3564.186665620655,2061.8081039078534,2281.8481479734182
40,3.553519432011381e+35,1.2246021310958598e+17,8861862236614.105,426462687.9564088,298593113.9087707,6812736.928722274,741020.6429607384,46437.61441138387,6321.570449203253,62479.188942786306,9188.001746285707,5275.785503052175,1905.2467631548643,3685.8468530513346,1037.9821208715439,1333.217574108392,1744.529100857675,1048.435244847089,1308.5264535099268,960.7184853553772
41,3.116676275777296e+38,8.760232438007316e+18,40018737987.5798,58620533.1356349,14622790.31117607,991044.7473579757,2962330.7814614885,34244.27982022241,105748.8079841584,35857.058675486594,8365.184703603387,3308.695254921913,1760.2799097262323,2366.5472695566714,1772.326324634254,1980.0845153070986,1063.3091273345053,1027.1951913163066,1261.0023645535111,991.3473908901215
42,1.0339704595883278e+37,1.832169474031355e+18,1088069225064.171,19186048777.25981,273014935.3229598,466591.3042387292,5868838.255595855,299210.88559682295,153983.3479784578,78936.34057204798,19841.42668966204,8467.852312080562,5255.750359911472,4052.810311306268,2950.8935298211873,1281.8312282823026,1681.7798063531518,1792.276295542717,1808.10777297616,1527.5497187152505
43,6.912007117991643e+34,7.954136890492229e+16,21346087328.41865,90410084.7954173,26834925.865678288,178241.24457310885,239226.85795629025,10543.33235508576,12358.414491329342,8378.11943332851,10669.834926966578,5682.570163603872,1932.3474921770394,1999.0954097509384,936.3913673534989,1020.5345688313246,1290.6367024630308,848.7346570901573,825.4939374215901,821.7389393821359
44,2.5091187706416608e+30,6.977069159783139e+17,954503224416.3319,1007845746.6622987,56195476.102929264,474858.81482708454,378316.8451298252,105775.77392847091,40254.755793292075,12841.702198818326,3806.12817164883,2828.1456755176187,2928.6621625199914,2801.543136522174,1175.927414510399,1368.1558178290725,1126.632735453546,1078.0469773337245,1363.5803700573742,990.1041095219553
45,1.1156753866054836e+36,2.8040072491617044e+18,12328368941506.22,202501655.29337153,70302890.85981375,2658884.132468153,194494.88975930214,32482.096985027194,11571.065358780324,8645.389897380024,14134.31171347946,4437.3919708020985,5433.024680774659,7031.179295442998,1037.7084540314972,1869.2780531533062,1383.210322920233,1167.4162106625736,1415.44297542423,1417.8614790923893
46,1.2399570853069246e+35,8.759548917059657e+17,94232535670.11581,1241802263.8466215,101836082.17088962,226772.94343534857,262623.79225458205,138993.4537709877,25830.17168230936,59557.46187136695,3628.076240133494,4643.9891698770225,4048.847120653838,3114.030618492514,1215.0472078099847,1394.7114637456834,1118.8181282766163,1319.0281556621194,1285.12619856745,948.9198477379978
47,9.851233145237782e+34,1.6277075198901725e+17,316298119677.00433,18571627018.872437,91636224.31575783,304487.87010587566,764363.068539096,92001.18041364849,87112.46875242516,37197.748431343585,11692.32347143814,9196.004736546427,3689.476127255708,1502.2245191186666,1933.0008068718016,1361.156918361783,1448.1224673502147,1335.462696839124,1237.4791155047715,1248.6828538179398
48,1.5573845593915364e+37,6.996278738023914e+17,103560714132898.05,15858417787.70286,864968649.8334249,2876361.3356473576,4676347.451501766,768882.9428217355,600816.5691810697,78319.68156410381,22185.53899247572,45308.59484812617,13659.89934548363,9821.265206255019,9373.566021513194,8984.50959154591,2694.9032312855124,4312.271224554628,2760.7875299975276,4819.643464650959
49,1.0354469504766306e+35,3.718525326356524e+19,2268373827185.478,7928363823.199497,313735243.87402487,1135556.7542447262,1183750.3239673227,279403.6991171017,314492.3797420524,13707.081871554255,19929.323840498924,1682.4887720867991,1670.6990818418562,2121.665330529213,1329.2789035439491,1773.5986736491323,1022.4265941902995,1070.8470916226506,1531.2372052520514,992.4637169577181
50,2.2439652016422697e+33,4.319093141825664e+17,345417026717.9254,846646614.3317934,34676257.54133914,1123780.7044815253,299374.80381669477,449245.2623741627,45765.580502513796,22195.476002901793,10422.594738084823,3068.757303658873,2963.9846698604524,3889.9224396161735,2023.1930918581784,1465.6969408802688,1301.9079765826464,1204.2224882729352,1173.023286934942,1186.5895471423864
51,1.073491582148472e+37,1.5840370258521744e+16,1050726900410.7124,2771627003.3197527,43546730.8271483,174061.99026241526,111776.40813407674,63104.252865020186,35337.97535398975,10274.664204265922,6830.604238294065,1643.6393673457205,1363.3367625698447,1907.0846089571714,1842.056795809418,1732.8350507766008,1277.4763518720865,1066.2598861083388,1140.312958266586,1042.663350675255
52,3.6728563170796215e+33,1.2646902458729923e+18,25638224895.095795,4413266419.986611,83232548.11615916,9327573.857723337,224465.5258650221,166105.72730313987,101612.00439970195,31187.07253311947,20700.487081285566,4010.308810662478,3485.82745186612,4641.701570328325,1466.1301747113466,1331.6265522800386,1480.2703806199133,1222.0302779860795,1471.1963635869324,1112.366862513125
53,1.0129916781321183e+34,1.0921376613273852e+18,2274494279557.8027,16988921366.260515,44908289.18505049,635126.9073319733,1310183.1577283274,461738.6497158352,86120.961350739,40694.50086186454,10155.05900990218,12349.989251472056,7345.698911502957,12965.700490437448,4876.6714084632695,2814.4071397967637,1548.4033217392862,2928.288021557033,3423.8144246935844,1814.1915472261608
54,1.2752991357810593e+34,8.036146386605873e+17,41764147925.78281,650636655.2740293,47846030.99978894,1006285.0752013549,13386.31085672602,122675.42468183115,17468.21634592861,6354.646840959787,9747.351218406111,10972.632656149566,1163.4456413798034,5569.301627036184,1421.4212719164789,1169.570172406733,865.7043716944754,1033.3220366500318,830.6183654889464,1168.6879525259137
55,7.70381436207662e+34,2.249708324356367e+18,300483615961.8969,8572550803.060059,40391475.5983579,456050.8824952431,22273.1240420416,48529.336564190686,82836.36709960178,25124.629930842668,6541.532285228372,2400.450732983649,1693.4644951969385,2713.539888009429,1606.5319520384073,1940.5883394628763,1145.2189911939204,1569.4378035776317,1222.1098897308111,1326.3318178541958
56,3.664939485656949e+33,1.659970481622023e+17,10482029403.821022,21858436054.802547,243289446.74546564,2726728.324970681,1539815.6631595194,614941.8835908361,393557.2125678137,171340.54181827232,19962.466120027006,16156.53428317979,8612.258856363595,5313.8946570418775,2849.760801553726,3155.1927338950336,1624.2761238068342,2202.6346531771123,1777.1480281800032,2234.4696842357516
57,1.1889689302605506e+35,1.3875506888903214e+18,132091706281.67245,21777103264.874466,24994108.30027342,2158158.639288433,1286253.6300829686,128832.97451099008,229952.5345775038,42773.69071306288,4628.430563874543,5917.913368932903,4484.704111728817,2122.2448348402977,1948.3448675908148,2682.542147759348,1955.11934658885,1749.6232879646122,1482.1025099344552,1853.7053925246
58,3.8664997463761726e+31,2.5767065087812938e+17,150855261291.976,165874119.67979637,995965.2009906936,1452347.0967011917,219465.2834564112,174127.80404295772,415877.351655215,23731.032173991203,17226.350277211517,11120.31356242299,3802.2702559679747,2026.5697391107678,4366.034651380032,1908.954022243619,1553.661537270993,1325.2483397647738,1309.570300821215,1455.1242145560682
59,5.159078346838678e+34,2.384743436465325e+18,5098685808683.097,5967128283.617835,43899956.49963793,2253473.7632818017,1302228.7143900264,778881.7039584666,136558.93484129012,17697.549108248204,23892.19016814232,6311.073668975383,2346.454550243914,6844.279277134687,1909.2837860919535,1762.328036814928,1518.1271561905742,1318.4395201914012,1550.131875563413,1264.5116852968931
60,1.153628397160213e+35,9.204353776001267e+18,974059299959.1007,2920117602.0592813,120761058.62788485,23214028.16414567,732441.0459798686,47355.72054684907,126835.45892106742,16812.044346272945,70548.4584026821,6496.158021081239,7191.408162459731,4581.020691502839,3329.3527259752154,2182.1416358463466,2686.679703820497,1335.8353601545095,2005.272872813046,1469.2389515601099
61,1.0621076345741992e+36,4.14281327539714e+17,430765626258.2778,5487128552.506914,54404094.57455642,330693.05016875267,15585591.406426413,139469.67028032616,100485.96026850864,59785.589582096785,9790.452912211418,3335.1740951500833,1464.4305262975395,3153.973065137863,1329.370471201837,1736.9487892203033,1192.3224425502121,1549.3738114088774,1285.0458799861372,925.2514320760965
62,4.7625615547297336e+33,4.388520337782241e+17,1010719018751.097,11115130243.259167,156122287.03126997,9581678.128722932,624236.0751926973,13623.668952651322,37200.07860304043,25698.527330379933,25670.11635644734,4355.811056818813,3617.483579210937,1575.0356086157262,1992.855943415314,2148.783543717116,1402.0012916438282,1029.9939037188888,1209.9189074598253,1097.475924551487
63,2.592870932649434e+36,2.4791040453005517e+18,1380363164206.7542,14264112605.069414,2621198292.4487844,1291962.9616375677,2854541.5811434183,388475.45724553056,43198.27081684396,140827.75121163204,33516.64217943326,10162.209359969944,6809.616304412484,5532.135059159249,2551.610759548843,3069.541395649314,1412.8221023268998,1732.2404474429786,1737.3371257670224,1700.172396890819
64,1.2061451356621865e+33,7.299790559246907e+16,10856070009410.803,1392039323.3857965,9053962.649816442,49968.19569275156,89178.24901336804,407960.8647996709,41217.5213105157,62037.55836887658,4995.858230866492,2658.3086464703083,2411.261912818998,2534.493803240359,1170.737828411162,1459.6584788560867,1040.6575586348772,1139.2037265449762,1093.7120407931507,1693.8700951114297
65,2.5303399944898913e+36,5.254537737056156e+16,692353135120.6091,9438205323.277927,199561179.06435364,2992565.3461992033,1469459.7205664217,130369.91613822803,201052.13044938073,7905.25883629173,3413.365457981825,5861.08768364042,2788.0074609294534,2945.696003112942,1964.0155549123883,1283.5956794768572,1351.8095194548368,1407.5558523088694,896.239934001118,1193.9063286222517
66,4.462550837413887e+34,2.111808111758973e+20,12710038149.094427,2652403295.4310255,1314783.8540338464,10842727.840753332,306755.3704504892,512583.65541360155,6975.227139502764,13316.38673729822,4256.538630589843,3646.199121683836,1313.3082123287022,1766.7304357476532,1409.2440390847623,1594.7067693434656,1129.9316464737058,975.8618969544768,946.304722558707,1021.9285658113658
67,1.204431341894907e+37,6.4594867608823775e+19,2007642190411.2124,1171596830.1827946,17720140.477431975,4596822.756905165,345581.652331315,90169.38444605097,62143.44006401673,23212.95968804881,34941.00295094773,3177.997952211648,1423.9249632507563,5030.937535021454,2594.4965052828193,2273.954688642174,1822.6695991195738,1636.4362945966423,1936.8747751638293,1275.198378045112
68,4.00553756264491e+35,1.7978406178535944e+16,77774746013.08969,3969450041.5627613,57923184.528602235,2053535.6711304635,368851.3679494094,160185.43112664297,86794.23422862962,95479.57369624451,5696.688892889768,9010.126352217048,2177.983366943896,4059.810213752091,3273.18059816584,2265.615855064243,1173.7267815619707,1297.979093465954,959.5024952925742,1161.2540247030556
69,1.8013433195896145e+33,1.1944363770724536e+17,57437505223.47537,9405537584.454283,14544397.391687132,9931786.700356081,200482.02755204216,26804.698699552566,126039.60455466434,17356.326609734446,9512.694045763463,1253.1819509230554,1425.653412334621,5031.084226664156,1194.4077533967793,1306.9214148148894,1068.7980638369918,1394.7048297338188,1304.5619855821133,1307.4612421803176
70,1.9216459536433e+36,4.087713499438349e+19,20852170785.505783,45318535369.164604,6805999.8910852475,1141350.9732714482,2000626.5342688933,51685.33698742092,8658.062578570098,82746.32212778553,11252.432139281183,7285.587232347578,3481.175660584122,4865.946603804827,1803.6491310708225,2014.7016106881201,1014.0809699892998,1068.7381035983562,1189.1196833141148,1170.7310395725071
71,2.523308183738197e+35,3.706939386688347e+18,5205691603977.83,33396608532.388306,633844669.182662,111464836.96498121,5114617.495921504,230947.80486610718,264873.98292798176,88819.10242413357,32669.042215239257,56375.42301046103,11491.98711078614,8322.925110343844,6409.606600981206,3274.4617436528206,2642.643303669989,2623.140413120389,2637.3763223178685,2489.5131969079375
72,2.7272354546598876e+37,2.3061049880527373e+17,473728002829.5545,189210780.10381216,439685.7001313679,363592.1233112179,23780.32644727081,56834.19593216479,8957.03016224131,49849.42331700027,11255.65805010125,3665.613345503807,2124.116841506213,1025.3506003841758,996.0273011513054,1555.579417269677,1103.8598384335637,998.7027669884264,1030.827013477683,960.6337515562773
73,2.566096507366153e+36,8.681195517680166e+16,874264979885.1288,2226949818.6428885,64990165.40204463,634338.8712905087,118546.97649123892,28078.31488935277,10926.347084600478,17835.226200945675,7555.314653720707,5089.982923462987,1482.2844108380377,1300.5147559382021,1935.8328548781574,2810.304762415588,966.0745067559183,1014.5359703302383,955.3279359638691,1241.8228513412178
74,2.0014906113328888e+33,6.076448296824487e+18,2860344454607.3276,216786372.0405098,73461070.31754266,1255364.1834218577,27263.205645650625,57912.137982364744,18335.00983189419,80117.01780307665,7902.812750697136,7783.301059614867,4664.535308208317,2004.0317468121648,1269.5941122733057,1418.5978487320244,1068.0144302025437,1068.0031769871712,1104.9716536663473,1511.9276042245328
75,1.4065554674428934e+34,4.0301215900881454e+18,1484454769743.4778,1131506355.6618397,15734758.799387775,2697410.187850818,224518.0122805871,74102.26172003523,113987.77362217382,16927.258360780776,17606.334590043873,15338.237553272396,3254.5166304148734,2127.658427927643,1809.3528941236436,1308.009239435196,1167.8170993365347,1124.9217250868678,1331.6975692510605,1037.216538991779
76,2.4009376730672523e+36,1.0412250375471427e+17,402457700653.4868,866467602.3506864,6012487.569331326,1495526.6516838633,62470.64137537405,16713.207734122872,84915.10676570237,7125.446721941233,2649.8854443840683,2230.790738105774,2577.275880459696,2055.828712012619,1349.9802323170006,1346.514190658927,978.6722582988441,1066.1344410963356,1017.3648297637701,1001.8499859310687
77,5.077236967128902e+35,4.548332428943873e+18,4366564737050.2617,4873949917.249768,41543451.51632244,57863022.17073357,1041724.5051881447,361169.9656330813,83315.64514034241,8067.834621611983,37830.94691010192,10136.514594327658,4663.62741921097,3879.7771524079144,2796.9838846214116,2754.5451078526676,1543.5400044247508,1264.750792734325,1493.6148996315897,1966.364211756736
78,2.1297092584269026e+35,3.399440059699268e+16,14776406535243.178,476810978.7140228,131208799.83618912,1367525.7817773055,220736.1959405858,86591.59329997376,69032.45453134924,28465.917326696217,7146.430246628821,3006.694972343743,4569.389528464526,6925.148279968649,1567.2976365350187,1849.664431154728,1246.103458069265,1290.6013151705265,1132.5430350527167,1149.4659533910453
79,5.360258206226298e+35,6.984446597277446e+16,298286659612.8382,7639635494.818929,317962852.5600157,3137566.820229247,3624109.240824893,280917.24818765,212325.71419718862,15910.5746688582,10289.560205806047,8970.378831896931,4205.822461396456,3103.1457648165524,2704.9845731705427,2780.5497973896563,1205.65646180138,1415.1291847750545,1421.7485567294061,1321.6546865217388
80,5.17915054859073e+35,2.0492030418895124e+18,13910799453170.99,19112991687.878174,183858147.34080124,18136072.340819597,1273881.8611903824,187956.33808426932,258350.30768748373,189289.07521452382,32924.77200425044,19074.832609660923,8656.179325148463,4885.621918000281,3786.1350558176637,3620.2037371583283,1701.9286089204252,1471.4282811246812,1944.1940142288804,1557.1373879611492
81,4.803764181387457e+35,3.018441774698022e+17,10133438680.31984,14955252587.483397,35127931.175127186,262896.27817319706,270328.5104101114,21186.781112782657,14845.97580870241,10361.310773577541,39408.25380885601,1653.1003059521317,1519.4417504556477,2371.2515846192837,1348.976101141423,1159.3218822553754,1165.3401402272284,1051.0522464290261,974.8804543912411,1005.2791142910719
82,1.3893426718853767e+39,3.920078479245485e+18,110290261171.98552,22767864043.365208,64986814.016509645,23237959.324403457,1657549.3384773582,728486.3025143705,45586.39543907717,58685.97793190926,11560.779182173312,7526.60603870824,21660.85423785448,5323.316660620272,4249.4725826866925,2009.7011349909008,2451.355611257255,1793.118307866156,1778.691618911922,2902.482333764434
83,1.0269205907885368e+32,1.257833634191883e+18,450939930122.0432,5099374296.392849,23657683.112497244,2067154.5599129498,597075.9991189465,14946.170555002987,73320.32093828917,17063.454238809645,3680.580137811601,2574.773548360914,1475.007819071412,1302.5120375081897,1940.6567469350994,1934.8930833935738,869.0096568614244,814.7720922231674,855.543758597225,824.8254461809993
84,1.3708442674197138e+37,4.8403013093766394e+17,1845622885798.413,1029171210.4292176,45087290.64532447,12652534.492804244,77762.69571403041,122239.10743365064,67174.57103902847,105059.14986094087,52252.82749488205,6543.638499427587,6286.005954835564,3799.421755786985,3130.2713645249605,2627.8021027743816,1412.6560722403228,1834.9358860328794,1629.7517770826817,2066.3331205025315
85,4.989991112390677e+37,1.9709788584104794e+17,13405936004557.197,5560176845.429358,35684453.84856908,2738974.7950716354,806454.6089040227,246240.3705735989,107746.35739913583,78127.63273851573,15748.832159791142,12757.402818556875,5579.07418904081,5803.45870134607,3718.784112356603,1802.162109054625,1300.1493444144726,1540.416795719415,1712.6643244698644,1426.5646758005023
86,2.0710958499004538e+34,5.626279133971189e+18,5317944443558.318,9010848563.830175,33699825.53275715,1757127.9008043166,1447523.4708731882,719477.185642831,407999.19189847633,23617.23871090263,15786.663553059101,4888.45880882442,4464.638986099511,6109.709530696273,3352.015478055924,3667.8442574962974,2499.0674372948706,1502.3699537962675,1824.8342753723264,1882.2144993022084
87,4.128596591579222e+36,2.0488438949754302e+19,89095327205671.3,3608180746.8485174,383500755.7242927,9686323.021154882,8223460.473876635,194164.34781096876,372091.03473836556,270044.0691611953,58877.64259085059,48298.59289931506,9192.35857885331,4981.643494859338,7058.023531936109,5643.401207048446,2833.747360229492,3900.9537253007293,3476.675810828805,3051.553482301533
88,2.8302552625640843e+35,7.256602453315005e+16,6540499751579.621,1228589125.205006,35941068.680585146,308722.17927243933,396323.62222837657,37127.36420212686,15084.163031902164,41433.44440558925,11400.206539534032,15550.051011994481,4592.045280456543,7529.695198807865,1781.4918409734964,1613.1848887950182,1829.4317772835493,1493.8456004858017,1188.638933815062,1752.8407938368618
89,5.150446371372748e+35,2.0729765439660444e+16,743657205935.4622,15608316192.088816,460693213.82013917,1694072.7916927896,1586231.39036089,129435.32288735732,263342.5956191346,20322.26738719642,15437.48697642237,15357.180623352528,2340.6085014492273,2238.3913975581527,2241.8609028570354,2924.241523206234,1492.4785393439233,2466.3269925676286,2668.8261690847576,1886.2958338223398
90,1.6237655330190133e+32,4.611238454361932e+17,218730927964.51755,7178979552.950775,17320919.252416506,173349.39016844705,6618.708159781992,98358.83577167243,102909.0159766525,8063.219038799405,7057.476012516767,4504.0013549774885,2983.0576021783054,2936.25432055071,1454.13090133667,1300.0921860001981,1164.416916128248,1811.3510437645018,1097.5393601208925,1099.8471318855882
91,5.333950035326518e+35,2.8679344328290035e+17,13172965039.642153,667447312.0067763,27322691.218134116,2221030.7849308513,416687.0047472343,133783.9366805032,36110.04956173897,60702.83564471081,14000.592852059752,6751.737492419779,2779.8492689803243,5116.98463441059,1508.7484852410853,1271.1955481879413,1206.8653299957514,1099.795485176146,1061.6903430111706,1142.5399335101247
92,1.2339087152865576e+36,1.3722110608058847e+19,25655673706741.996,4771758743.415985,4376586860.035631,11266012.508675165,2903972.894617807,117590.58139118552,340360.30076830834,111478.08525899053,94155.82062948123,32384.729207351804,12298.659177333117,27445.49309144914,5612.061856318265,13421.364415504038,5035.618435762823,5101.9406877830625,4729.4155964925885,8340.738566029817
93,6.928630510530436e+36,2.9243697662915773e+18,1127986051189.9172,8097117054.631359,173889782.8710869,19297310.778850626,276628.60229114443,557261.0516127888,318487.1184875667,54251.50347052142,82931.94271001965,27281.74635080993,18712.89055615291,4169.922358110547,1987.992778211832,2825.4178205803037,1828.8948232233524,1871.9649998806417,1624.2190944179893,2124.0531063228846
94,1.8562708979699215e+34,9.319064893213832e+17,66988792122381.336,2099530266.6508195,146916119.06138885,1737169.0644258745,2601867.0987770855,86881.94085227698,161136.11697643623,52414.89569379389,11600.177447643131,12121.038418967277,4416.156455293298,3850.2743691504,3152.2370796501637,3229.7789090909064,1531.8232103772461,1599.4437151663005,1353.0683169700205,2318.5929711535573
95,1.136243268492877e+32,1.3088822490146547e+18,7617296057729.013,13065524820.122026,49662135.46235161,2012054.9179325476,457683.22372370027,92886.28478566557,59193.82350404933,8347.904666639864,41841.70194569975,3541.129626594484,2943.4763602800667,2737.5985522940755,1719.2759230658412,1997.3925868421793,1248.058685902506,1473.7536466754973,981.2937571145594,1327.6778007410467
96,3.573304537229518e+35,1.9143950933669034e+17,3842197275601.79,612405234.8978626,50906291.41144169,544756.2731318772,430063.95831746235,20265.05723627284,635886.7953844536,11715.0025302805,31088.23700605333,4962.714920271188,4010.708864636719,3452.167485859245,1656.764755345881,1325.1248901709914,1065.736506536603,1333.324221804738,991.7806024923921,816.0136259496212
97,4.989497626310011e+35,2.1423413059380564e+19,856012357294.3809,5395828414.928298,31173126.26862371,143913.6927610822,22474.64677380398,137190.93319442868,42600.56009070948,16776.06574114412,13675.129103444517,6748.11475847289,1221.3947242759168,2249.1394643373787,1775.16501602903,1374.9743218272924,1211.6674128100276,1120.2637934051454,1120.3568789288402,965.0911078155041
98,4.654709533191473e+35,1.6064423474305203e+17,18694809887927.64,131187147130.29253,106985023.76980965,7716169.834871718,2986477.265533183,191469.8469035104,396309.003898032,60026.736787918955,33210.33833107352,22382.858309157193,7770.7088455706835,25339.723436273634,4836.08055357635,4227.088462565094,1834.9195716306567,2125.8004079274833,1430.2430506460369,2548.7721621356905
99,5.701768149155662e+35,4.750251370853304e+17,65521756541556.27,15928126475.835815,2010466269.5286875,5197579.255054656,3933400.143758625,454263.04371697083,356310.3830453418,122866.29359053075,15400.726214438677,15615.367296613753,2754.8068491853774,6691.187932133675,6070.962210100144,4678.383146360517,2138.426567096263,2184.1019396819174,1865.8700109124184,2473.1711640171707
